{"cameraMode":{"drawMode":0,"name":"Shaded","section":"Shading Mode"},"sceneLighting":true,"audioPlay":false,"sceneViewState":{"m_AlwaysRefresh":false,"showFog":true,"showSkybox":true,"showFlares":true,"showImageEffects":true,"showParticleSystems":true,"showVisualEffectGraphs":true,"m_FxEnabled":false},"in2DMode":false,"pivot":{"x":-1.7984963655471802,"y":-13.818167686462403,"z":-9.757789611816407},"rotation":{"x":0.0006683304090984166,"y":-0.9483495950698853,"z":0.3172329366207123,"w":0.001998201012611389},"size":20.508407592773439,"orthographic":false}