{"cameraMode":{"drawMode":0,"name":"Shaded","section":"Shading Mode"},"sceneLighting":true,"audioPlay":false,"sceneViewState":{"m_AlwaysRefresh":false,"showFog":true,"showSkybox":true,"showFlares":true,"showImageEffects":true,"showParticleSystems":true,"showVisualEffectGraphs":true,"m_FxEnabled":false},"in2DMode":false,"pivot":{"x":-16.829999923706056,"y":-0.2999999523162842,"z":1.6699998378753663},"rotation":{"x":0.13826113939285279,"y":0.051970526576042178,"z":-0.007265384308993816,"w":0.9890050292015076},"size":13.751500129699707,"orthographic":false}