{"cameraMode":{"drawMode":0,"name":"Shaded","section":"Shading Mode"},"sceneLighting":false,"audioPlay":false,"sceneViewState":{"m_AlwaysRefresh":false,"showFog":true,"showSkybox":false,"showFlares":true,"showImageEffects":true,"showParticleSystems":true,"showVisualEffectGraphs":true,"m_FxEnabled":false},"in2DMode":false,"pivot":{"x":-8.616546630859375,"y":54.991817474365237,"z":10.048599243164063},"rotation":{"x":0.16191469132900239,"y":0.05621584877371788,"z":-0.00923900306224823,"w":0.9851642847061157},"size":25.95379066467285,"orthographic":false}